✓,Genre,Artist,Album
,,!!!,THR!!!ER
,,!!!,"Strange Weather, Isn't It?"
,,!!!,Myth Takes
,,...And You Will Know Us By The Trail Of Dead,Worlds Apart
,,(Various Artists),Live at KEXP Volume Five
,,(Various Artists),LIVE at KEXP Volume One
,,(Various Artists),Live at KEXP volume four
,,A Band of Bees,Free The Bees
,,A Tribe Called Quest,Midnight Marauders
,,A Tribe Called Quest,The Low End Theory
,,A Tribe Called Quest,People's Instinctive Travels and the Paths of Rhythm
,,Absolute Monarchs,1
,,Aesop Rock,None Shall Pass
,,AIR,Moon Safari
,,AIR,Talkie walkie
,,Akron/Family,"Set 'Em Wild, Set 'Em Free"
,,Alabama Shakes,Boys & Girls
,,Alabama Shakes,Sound & Color
,,Alexi Murdoch,Time Without Consequence
,,Allen Stone,Allen Stone
,,Aloe Blacc,Good Things
,,alt-J,This Is All Yours
,,alt-J,Live At KEXP Volume Nine
,,alt-J,An Awesome Wave
,,Alvvays,Alvvays
,,Amy Winehouse,Back to Black
,,Andrew Bird,Noble Beast
,,Animal Collective,Strawberry Jam
,,Animal Collective,Feels
,,Animal Collective,Merriweather Post Pavilion
,,Annuals,Be He Me
,,Arcade Fire,Reflektor
,,Arcade Fire,The Suburbs
,,Arcade Fire,Neon Bible
,,Arcade Fire,Funeral
,,Archer Prewitt,Wilderness
,,Archers of Loaf,Icky Mettle
,,Archie Bronson Outfit,Derdang Derdang
,,Art Brut,Bang Bang Rock & Roll
,,Arthur & Yu,In Camera
,,Asobi Seksu,Citrus
,,At the Drive-In,Relationship of Command
,,Atlas Sound,Logos
,,Atlas Sound,Parallax
,,Atoms for Peace,Amok
,,Austra,Olympia
,,Austra,Feel It Break
,,Band of Horses,Cease to Begin
,,Band of Horses,Everything All the Time
,,Basement Jaxx,Scars
,,Bat for Lashes,The Haunted Man
,,Bauhaus,The Sky's Gone Out
,,Bauhaus,BEST OF
,,Be Your Own Pet,be your own PET
,,Beach House,Bloom
,,Beach House,Live at KEXP Volume Six
,,Beach House,Teen Dream
,,Beastie Boys,Ill Communication
,,Beastie Boys,Check Your Head
,,Beastie Boys,Paul's Boutique
,,Beat Connection,TBA
,,Beat Connection,The Palace Garden
,,Beat Connection,Surf Noir EP
,,Beck,Sea Change
,,Beck,Mellow Gold
,,Beck,Morning Phase
,,Beck,Midnite Vultures
,,Beck,Odelay
,,Beck,Modern Guilt
,,Beck,The Information
,,Beck,Guero
,,Beirut,Gulag Orkestar
,,Beirut,The Rip Tide
,,Beirut,The Flying Club Cup
,,Belle and Sebastian,Tigermilk
,,Belle and Sebastian,If You’re Feeling Sinister
,,Belle and Sebastian,Girls In Peacetime Want To Dance
,,Belle and Sebastian,Dear Catastrophe Waitress
,,Belle and Sebastian,The Life Pursuit
,,Belly,Star
,,Ben Lee,Awake Is the New Sleep
,,Best Coast,California Nights
,,Best Coast,Crazy for You
,,Bettye LaVette,The Scene of the Crime
,,Big Star,#1 Record / Radio City
,,Bill Callahan,Sometimes I Wish We Were an Eagle
,,Bill Callahan,Apocalypse
,,Billy Bragg,Must I Paint You a Picture? The Essential Billy Bragg
,,Billy Bragg & Wilco,Mermaid Avenue
,,Björk,Debut
,,Björk,Vespertine
,,Björk,Volta
,,Björk,Post
,,Björk,GREATEST HITS
,,Black Flag,Damaged
,,Black Lips,Arabia Mountain
,,Black Mountain,In the Future
,,Black Mountain,Wilderness Heart
,,Black Rebel Motorcycle Club,B.R.M.C.
,,Black Rebel Motorcycle Club,"Take Them On, on Your Own"
,,Black Rebel Motorcycle Club,Beat the Devil's Tattoo
,,Black Rebel Motorcycle Club,Baby 81
,,Black Rebel Motorcycle Club,Howl
,,Blackalicious,The Craft
,,Blitzen Trapper,Wild Mountain Nation
,,Blitzen Trapper,Furr
,,Bloc Party,A Weekend in the City
,,Bloc Party,Silent Alarm
,,Blonde Redhead,Misery Is a Butterfly
,,Blonde Redhead,23
,,Blue Scholars,The Long March EP
,,Blue Scholars,Blue Scholars
,,Blue Scholars,Bayani
,,Blue Sky Black Death,Noir
,,Blur,Parklife
,,Boards of Canada,The Campfire Headphase
,,Bob Dylan,Blonde on Blonde
,,Bob Dylan,Bringing It All Back Home
,,Bob Mould,Beauty & Ruin
,,Bob Mould,Silver Age
,,Bobby Bare Jr.'s Young Criminals' Starvation League,The Longest Meow
,,Bomba Estéreo,Blow Up
,,Bombay Bicycle Club,"So Long, See You Tomorrow"
,,Bon Iver,"Bon Iver, Bon Iver"
,,Bon Iver,"For Emma, Forever Ago"
,,Brazilian Girls,Talk to La Bomb
,,Brazilian Girls,Brazilian Girls
,,Breakestra,Hit the Floor
,,Brian Eno,Here Come the Warm Jets
,,Bright Eyes,"I'm Wide Awake, It's Morning"
,,Bright Eyes,Cassadaga
,,British Sea Power,Open Season
,,British Sea Power,Do You Like Rock Music?
,,Broadcast,Tender Buttons
,,Broken Bells,After The Disco
,,Broken Bells,Broken Bells
,,Broken Social Scene,Forgiveness Rock Record
,,Broken Social Scene,You Forgot It in People
,,Broken Social Scene,Broken Social Scene
,,Broncho,Just Enough Hip To Be Woman
,,Built to Spill,There Is No Enemy
,,Built to Spill,Untethered Moon
,,Built to Spill,Live
,,Built to Spill,Keep It Like a Secret
,,Built to Spill,Ancient Melodies of the Future
,,Built to Spill,Perfect From Now On
,,Built to Spill,There’s Nothing Wrong With Love
,,Built to Spill,You in Reverse
,,Burial,Untrue
,,Calexico,Algiers
,,Calexico,Garden Ruin
,,Calexico and Iron and Wine,In the Reins
,,Camera Obscura,Let's Get Out of This Country
,,Camera Obscura,My Maudlin Career
,,Cancer Rising f/ Bruce Illest,Search For The Cure
,,Cancer Rising f/ Bruce Illest,Cancer Rising
,,Capsula,In The Land Of Silver Souls
,,Caribou,The Milk of Human Kindness
,,Caribou,Andorra
,,Caribou,Our Love
,,Caribou,Swim
,,Cat Power,Jukebox
,,Cat Power,You Are Free
,,Cat Power,Sun
,,Cat Power,The Greatest
,,Catherine Wheel,Chrome
,,Catherine Wheel,Ferment
,,Caveman,CoCo Beware
,,CeeLo Green,The Lady Killer
,,Charles Bradley,Victim of Love
,,Charles Bradley,No Time For Dreaming
,,Charlotte Gainsbourg,IRM
,,Chromatics,Kill For Love
,,Citizen Cope,The Clarence Greenwood Recordings
,,Clap Your Hands Say Yeah,Clap Your Hands Say Yeah
,,Cloud Control,Bliss Release
,,Cloud Control,Dream Cave
,,Cloud Cult,Advice From the Happy Hippopotamus
,,Cloud Cult,The Meaning of 8
,,Cloud Cult,Love
,,Cloud Nothings,Attack On Memory
,,Cloud Nothings,Here and Nowhere Else
,,Cody ChesnuTT,Landing on a Hundred
,,Cold War Kids,Robbers & Cowards
,,Common,Be
,,Common Market,Tobacco Road
,,Common Market,Common Market
,,Courtney Barnett,"Sometimes I Sit and Think, and Sometimes I Just Sit"
,,Courtney Barnett,The Double EP: A Sea of Split Peas
,,Craft Spells,Idle Labor
,,Crooked Fingers,Dignity and Shame
,,Crystal Castles,(III)
,,Crystal Castles,Crystal Castles
,,Cults,Cults
,,Curtis Mayfield,Superfly
,,Cut Chemist,The Audience's Listening
,,Cut Copy,free your mind
,,Cut Copy,Zonoscope
,,Cut Copy,In Ghost Colours
,,Daft Punk,HOMEWORK
,,Daft Punk,Random Access Memories
,,Damian Marley,Welcome to Jamrock
,,Damien Jurado,Saint Bartlett
,,Damien Jurado,Maraqopa
,,Dan Auerbach,Keep It Hid
,,David Bazan,Curse Your Branches
,,David Bowie,The Next Day
,,David Bowie,Low
,,David Bowie,The Rise and Fall of Ziggy Stardust and the Spiders From Mars
,,David Bowie,Hunky Dory
,,David Bowie,Best of Bowie
,,David Byrne and Brian Eno,Everything That Happens Will Happen Today
,,De La Soul,3 Feet High and Rising
,,Dead Kennedys,Fresh Fruit for Rotting Vegetables
,,Death Cab for Cutie,Codes and Keys
,,Death Cab for Cutie,Transatlanticism
,,Death Cab for Cutie,Narrow Stairs
,,Death Cab for Cutie,Plans
,,Death From Above 1979,"You're a Woman, I'm a Machine"
,,Deep Sea Diver,History Speaks
,,Deerhunter,Monomania
,,Deerhunter,Microcastle
,,Deerhunter,Halcyon Digest
,,Delays,Faded Seaside Glamour
,,Deltron 3030,Deltron 3030
,,Depeche Mode,Music for the Masses
,,Depeche Mode,Violator
,,Depeche Mode,GREATEST HITS
,,Destroyer,kaputt
,,dEUS,Pocket Revolution
,,Devendra Banhart,Cripple Crow
,,Devo,Freedom of Choice
,,Devo,Q: Are We Not Men? A: We Are Devo!
,,DeVotchKa,100 Lovers
,,DeVotchKa,A Mad & Faithful Telling
,,DeVotchKa,How It Ends
,,Digitalism,Idealism
,,DIIV,Oshin
,,Dinosaur Jr.,Farm
,,Dinosaur Jr.,Beyond
,,Dinosaur Jr.,Where You Been
,,Dirty Projectors,Swing Lo Magellan
,,Dirty Projectors,Bitte Orca
,,Disclosure,Settle
,,Divine Fits,A Thing Called Divine Fits
,,DJ Shadow,The Outsider
,,DJ Shadow,The Private Press
,,DJ Shadow,Endtroducing.....
,,Django Django,Django Django
,,Doves,Lost Souls
,,Doves,Kingdom of Rust
,,Doves,Some Cities
,,Doves,The Last Broadcast
,,Drive-By Truckers,Brighter Than Creation's Dark
,,Drive-By Truckers,A Blessing and a Curse
,,Dum Dum Girls,Too True
,,Dum Dum Girls,Only In Dreams
,,Echo & The Bunnymen,The Very Best Of: More Songs to Learn and Sing
,,Echo & The Bunnymen,Ocean Rain
,,Editors,The Back Room
,,Editors,An End Has a Start
,,EELS,Souljacker
,,El Guincho,Alegranza
,,Elastica,Elastica
,,Elbow,Cast of Thousands
,,Elbow,The Take OFf And Landing Of Everything
,,Elbow,The Seldom Seen Kid
,,Elbow,Build a Rocket Boys!
,,Elbow,Leaders of the Free World
,,Elliott BROOD,Mountain Meadows
,,Elliott Smith,Elliott Smith
,,Elliott Smith,Figure 8
,,Elliott Smith,From a Basement on the Hill
,,Elliott Smith,either/or
,,Elliott Smith,New Moon
,,Elliott Smith,XO
,,Elvis Costello,The Very Best Of
,,Elvis Perkins,Ash Wednesday
,,Elvis Perkins in Dearland,Elvis Perkins in Dearland
,,Erik Blood,Touch Screens
,,Erik Blood,The Way We Live
,,Erykah Badu,"New Amerykah, Part One (4th World War)"
,,Ex Hex,Rips
,,Father John Misty,"I Love You, Honeybear"
,,Father John Misty,Fear Fun
,,Feist,Let It Die
,,Feist,The Reminder
,,Fever Ray,Fever Ray
,,Fields,Everything Last Winter
,,Firewater,The Golden Hour
,,First Aid Kit,Stay Gold
,,First Aid Kit,The Lion's Roar
,,Fischerspooner,Odyssey
,,Fitz and The Tantrums,Pickin' Up the Pieces
,,Fitz and The Tantrums,LIVE at KEXP Volume Seven
,,FKA twigs,LP1
,,Fleet Foxes,Helplessness Blues
,,Fleet Foxes,Fleet Foxes
,,Flight of the Conchords,Flight of the Conchords
,,Florence + the Machine,Lungs
,,Flunk,Morning Star
,,Foals,What Went Down
,,Foals,Antidotes
,,Foals,Holy Fire
,,Foals,Total Life Forever
,,Frank Black,Teenager of the Year
,,Frank Ocean,Channel Orange
,,Frankie Rose,Herein Wild
,,Franz Ferdinand,"Right Thoughts, Right Words, Right Action"
,,Franz Ferdinand,Franz Ferdinand
,,Franz Ferdinand,You Could Have It So Much Better
,,Freddie King,Ultimate Collection
,,Freelance Whales,Weathervanes
,,Fresh Espresso,Glamour
,,Friendly Fires,Friendly Fires
,,Frightened Rabbit,Pedestrian Verse
,,Frightened Rabbit,The Winter of Mixed Drinks
,,Frightened Rabbit,The Midnight Organ Fight
,,Fruit Bats,The Ruminant Band
,,Fugazi,The Argument
,,Fugazi,13 Songs
,,Fujiya & Miyagi,Transparent Things
,,Funkadelic,Maggot Brain
,,Future Islands,Singles
,,Gabriel Teodros,Lovework
,,Galactic,From the Corner to the Block
,,Gang of Four,A Brief History of the Twentieth Century
,,Gang of Four,Entertainment!
,,Ghostland Observatory,Robotique Majestique
,,Ghostland Observatory,Paparazzi Lightning
,,Gil Scott-Heron,I'm New Here
,,Gillian Welch,The Harrow & The Harvest
,,Girls,"Father, Son, Holy Ghost"
,,Girls,album
,,Glasser,Ring
,,Gnarls Barkley,The Odd Couple
,,Gnarls Barkley,St. Elsewhere
,,Goldfrapp,Black Cherry
,,Goldfrapp,Supernature
,,Gomez,How We Operate
,,Gorillaz,Gorillaz
,,Gorillaz,Plastic Beach
,,Gorillaz,Demon Days
,,Gossip,Music For Men
,,Gossip,Standing in the Way of Control
,,Grand Archives,The Grand Archives
,,Grimes,Visions
,,Grinderman,Grinderman
,,Grizzly Bear,Shields
,,Grizzly Bear,Yellow House
,,Grizzly Bear,LIVE at KEXP Volume Three
,,Grizzly Bear,Veckatimest
,,Gui Boratto,Take My Breath Away
,,Gui Boratto,III
,,Guided By Voices,Human Amusements at Hourly Rates: The Best of Guided by Voices
,,Handsome Furs,Face Control
,,Handsome Furs,Sound Kapital
,,Harvey Danger,Little by Little...
,,Head Like a Kite,Dreams Suspend Night
,,Head Like a Kite,There Is Loud Laughter Everywhere
,,Hercules and Love Affair,Hercules and Love Affair
,,Hot Chip,Why Make Sense?
,,Hot Chip,One Life Stand
,,Hot Chip,In Our Heads
,,Hot Chip,Made in the Dark
,,Hot Chip,The Warning
,,Hüsker Dü,Flip Your Wig
,,Hüsker Dü,New Day Rising
,,Husky Rescue,Country Falls
,,Iggy & The Stooges,Raw Power
,,Iggy Pop,Lust for Life
,,Imperial Teen,Feel The Sound
,,Imperial Teen,"The Hair, the TV, the Baby and the Band"
,,Imperial Teen,On
,,Interpol,Antics
,,Interpol,Our Love to Admire
,,Interpol,Turn On the Bright Lights
,,Iron & Wine,Our Endless Numbered Days
,,Iron & Wine,The Shepherd's Dog
,,Israel Nash,Israel Nash's Rain Plans
,,Ivy,In the Clear
,,Jack Peñate,Everything Is New
,,Jack White,Lazaretto
,,Jack White,Blunderbuss
,,Jagwar Ma,Howlin
,,James,Laid
,,James Blake,James Blake
,,James Brown,20 All Time Greatest Hits!
,,James Pants,Welcome
,,Jamie T,Panic Prevention
,,Jamie xx,In Colour
,,Jane's Addiction,Nothing's Shocking
,,Jane's Addiction,Ritual de lo habitual
,,Janelle Monáe,The Electric Lady
,,Janelle Monáe,The ArchAndroid
,,Japandroids,Post-Nothing
,,Japandroids,Celebration Rock
,,JD McPherson,Signs & Signifiers
,,Jeff Buckley,Grace
,,Jenny Lewis with The Watson Twins,Rabbit Fur Coat
,,Jens Lekman,Night Falls Over Kortedala
,,Jesse Sykes and The Sweet Hereafter,Marble Son
,,Jesse Sykes and The Sweet Hereafter,"Like, Love, Lust & the Open Halls of the Soul"
,,Jessica Lea Mayfield,"With Blasphemy, So Heartfelt"
,,Jessica Lea Mayfield,Tell Me
,,Joe Strummer & The Mescaleros,Streetcore
,,John Grant,Pale Green Ghosts
,,John Talabot,ƒin
,,Johnny Cash,American V: A Hundred Highways
,,Jónsi,Go
,,José González,In Our Nature
,,José González,Veneer
,,Joseph Arthur,Our Shadows Will Remain
,,Joshua Morrison,Home
,,Joy Division,Permanent
,,Joy Division,Closer
,,Joy Division,Unknown Pleasures
,,Joy Division,Substance
,,Jungle,Jungle
,,Junior Boys,Begone Dull Care
,,Junior Boys,So This Is Goodbye
,,Junip,Junip
,,Junip,Fields
,,Justice,A Cross the Universe
,,Kanye West,Late Registration
,,Kate Bush,Hounds of Love
,,Kendrick Lamar,To Pimp A Butterfly
,,Kevin Morby,Still Life
,,King Khan & The Shrines,The Supreme Genius of King Khan and the Shrines
,,Kings of Leon,Only by the Night
,,Kings of Leon,Because of the Times
,,Kings of Leon,Aha Shake Heartbreak
,,Kinski,Alpine Static
,,Kraftwerk,Computer World
,,Kurt Vile,Wakin on a Pretty Daze
,,La Luz,It's Alive
,,Ladytron,Velocifero
,,Ladytron,Witching Hour
,,Laura Veirs,July Flame
,,LCD Soundsystem,LCD Soundsystem (disc 2)
,,LCD Soundsystem,This Is Happening
,,LCD Soundsystem,LCD Soundsystem
,,LCD Soundsystem,Sound of Silver
,,Leon Bridges,Coming Home
,,Les Savy Fav,Let's Stay Friends
,,Lily Allen,"Alright, Still"
,,Little Dragon,Nabuma Rubberband
,,Little Dragon,Ritual Union
,,Liz Phair,Exile in Guyville
,,LL Cool J,Mama Said Knock You Out
,,Local Natives,Gorilla Manor
,,Loretta Lynn,Van Lear Rose
,,Lou Reed,Transformer
,,Love and Rockets,Love and Rockets
,,Love and Rockets,Earth · Sun · Moon
,,Love and Rockets,Express
,,Love Is All,A Hundred Things Keep Me Up at Night
,,Low,C'mon
,,Low,The Great Destroyer
,,Lucius,Wildewoman
,,Luna,Bewitched
,,Luna,Penthouse
,,Lusine,A Certain Distance
,,Lykke Li,Youth Novels
,,Lykke Li,Wounded Rhymes
,,Lyrics Born,Live at KEXP Volume Two
,,M. Ward,Hold Time
,,M.I.A.,Matangi
,,M.I.A.,Arular
,,M.I.A.,Kala
,,M83,"Hurry Up, We're Dreaming."
,,M83,Before the Dawn Heals Us
,,M83,Saturdays = Youth
,,Mac DeMarco,Salad Days
,,Mac DeMarco,2
,,Macklemore & Ryan Lewis,The Heist
,,Maps,We Can Create
,,Massive Attack,Protection
,,Massive Attack,Blue Lines
,,Massive Attack,Collected
,,Massive Attack,Heligoland
,,Massive Attack,Mezzanine
,,Matt & Kim,Grand
,,Matthew Sweet,Girlfriend
,,Maximum Balloon,Maximum Balloon
,,Mazzy Star,So Tonight That I Might See
,,MC Solaar,Prose Combat
,,Menomena,Friend and Foe
,,Mercury Rev,Snowflake Midnight
,,Mercury Rev,The Secret Migration
,,Metric,Fantasies
,,MGMT,Congratulations
,,MGMT,Oracular Spectacular
,,Michael Franti and Spearhead,Yell Fire!
,,Midlake,The Trials of Van Occupanther
,,Miike Snow,Miike Snow
,,Mikal Cronin,MCII
,,Mint Royale,On the Ropes
,,Minus the Bear,Menos el oso
,,Moby,18
,,Moby,Play
,,Moderat,II
,,Modest Mouse,Strangers to Ourselves
,,Modest Mouse,This Is a Long Drive for Someone With Nothing to Think About
,,Modest Mouse,Good News for People Who Love Bad News
,,Modest Mouse,The Lonesome Crowded West
,,Modest Mouse,We Were Dead Before the Ship Even Sank
,,Modest Mouse,The Moon & Antarctica
,,Moon Duo,Circles
,,Morphine,Cure for Pain
,,Morrissey,Bona Drag
,,Mos Def,The Ecstatic
,,Mudhoney,The Lucky Ones
,,My Bloody Valentine,Loveless
,,My Goodness,My Goodness
,,My Morning Jacket,It Still Moves
,,My Morning Jacket,Evil Urges
,,My Morning Jacket,Z
,,Mylo,Destroy Rock & Roll
,,N.W.A.,Straight Outta Compton
,,Nada Surf,The Stars Are Indifferent to Astronomy
,,Nada Surf,The Weight Is a Gift
,,Nada Surf,Let Go
,,Neko Case,"The Worse Things Get, The Harder I Fight, The Harder I Fight, The More I Love You"
,,Neko Case,Middle Cyclone
,,Neko Case,Blacklisted
,,Neko Case,Fox Confessor Brings the Flood
,,Neko Case & Her Boyfriends,Furnace Room Lullaby
,,Neon Indian,Era Extraña
,,Neon Indian,Psychic Chasms
,,Neutral Milk Hotel,In the Aeroplane Over the Sea
,,New Order,Brotherhood
,,New Order,(The Best of) New Order
,,New Order,Movement
,,New Order,Low-Life
,,New Order,Substance 1987
,,New Order,"Power, Corruption & Lies"
,,Nick Cave & The Bad Seeds,Let Love In
,,Nick Cave & The Bad Seeds,"Dig, Lazarus, Dig!!!"
,,Nick Drake,Five Leaves Left
,,Nick Drake,Pink Moon
,,Nickodemus,Endangered Species
,,Nine Inch Nails,Hesitation Marks
,,Nine Inch Nails,Pretty Hate Machine
,,Nirvana,MTV Unplugged in New York
,,Nirvana,In Utero
,,Nirvana,Incesticide
,,Nirvana,Bleach
,,Nirvana,Nevermind
,,No Age,Nouns
,,Nortec Collective,Tijuana Sessions Vol. 3
,,ODESZA,In Return
,,Of Monsters and Men,Beneath the Skin
,,Of Monsters and Men,My Head Is An Animal
,,of Montreal,The Sunlandic Twins
,,Okkervil River,The Stand Ins
,,Okkervil River,Black Sheep Boy Appendix
,,Okkervil River,The Stage Names
,,Okkervil River,Black Sheep Boy
,,Old 97's,Too Far to Care
,,Orgone,The Killion Floor
,,OutKast,Stankonia
,,OutKast,Aquemini
,,OutKast,GREATEST HITS
,,Painted Palms,Forever
,,Palma Violets,180
,,Parquet Courts,Sunbathing Animal
,,Parquet Courts,Light Up Gold
,,Passion Pit,Manners
,,Patti Smith,Horses
,,Patti Smith Group,Wave
,,Pavement,Brighten the Corners
,,Pavement,Slanted and Enchanted
,,Pavement,"Crooked Rain, Crooked Rain"
,,Pearl Jam,Ten
,,Pela,Anytown Graffiti
,,Perfume Genius,Too Bright
,,Peter Bjorn and John,Writer's Block
,,Phantogram,Nightlife
,,Phantogram,Eyelid Movies
,,Phantogram,Voices
,,Phoenix,It's Never Been Like That
,,Phoenix,Wolfgang Amadeus Phoenix
,,Phosphorescent,Muchacho
,,Pickwick,Can't Talk Medicine
,,Pinback,Summer in Abaddon
,,Pinback,Autumn of the Seraphs
,,Pinkshinyultrablast,Everything Else Matters
,,Pixies,Come On Pilgrim
,,Pixies,Bossanova
,,Pixies,Surfer Rosa
,,Pixies,Doolittle
,,PJ Harvey,Is This Desire?
,,PJ Harvey,Dry
,,PJ Harvey,Rid of Me
,,PJ Harvey,To Bring You My Love
,,PJ Harvey,Let England Shake
,,PJ Harvey,"Stories From the City, Stories From the Sea"
,,"Point Juncture, WA",Heart to Elk
,,Poliça,Give You the Ghost
,,Poliça,Shulamith
,,Portishead,Third
,,Portishead,Dummy
,,Portugal. The Man,Evil Friends
,,Primal Scream,Screamadelica
,,Prince,1999
,,PRINCE,THE HITS
,,Prince & The Revolution,Purple Rain
,,Public Enemy,It Takes a Nation of Millions to Hold Us Back
,,Public Enemy,Fear of a Black Planet
,,Public Image Ltd.,"The Greatest Hits, So Far"
,,Purity Ring,Shrines
,,Q-Tip,The Renaissance
,,R.E.M.,Automatic for the People
,,R.E.M.,And I Feel Fine... The Best of the I.R.S. Years 1982-1987
,,R.E.M.,Eponymous
,,R.E.M.,Murmur
,,R.E.M.,Accelerate
,,R.E.M.,Green
,,R.E.M.,Document
,,Radiohead,Hail to the Thief
,,Radiohead,Amnesiac
,,Radiohead,The King of Limbs
,,Radiohead,The Bends
,,Radiohead,OK Computer
,,Radiohead,In Rainbows
,,Radiohead,Kid A
,,Ramones,Ramones
,,Raphael Saadiq,Stone Rollin'
,,Raphael Saadiq,The Way I See It
,,Ratatat,LP3
,,Ratatat,Classics
,,Ray LaMontagne,Trouble
,,Real Estate,Atlas
,,Real Estate,Days
,,Ride,Nowhere
,,Rocky Votolato,Makers
,,Rodriguez,Cold Fact
,,Rogue Wave,Descended Like Vultures
,,Rose Windows,The Sun Dogs
,,Röyksopp,Junior
,,Röyksopp,The Understanding
,,Run The Jewels,Run The Jewels 2
,,Ryan Adams,Gold
,,Ryan Adams,Heartbreaker
,,Sage Francis,A Healthy Distrust
,,Santigold,Master Of My Make-Believe
,,Santogold (f/Spank Rock),Santogold
,,Savages,Silence Yourself
,,SBTRKT,SBTRKT
,,School of Seven Bells,Disconnect From Desire
,,School of Seven Bells,Alpinisms
,,Screaming Trees,Sweet Oblivion
,,Seapony,Go With Me
,,Sebadoh,Harmacy
,,Sera Cahoone,Deer Creek Canyon
,,Sera Cahoone,Only as the Day Is Long
,,Sera Cahoone,Sera Cahoone
,,Sex Pistols,Never Mind the Bollocks Here's the Sex Pistols
,,Shabazz Palaces,Lese Majesty
,,Shabazz Palaces,Shabazz Palaces
,,Shabazz Palaces,Black Up
,,Sharon Jones and the Dap-Kings,I Learned the Hard Way
,,Sharon Jones and the Dap-Kings,"100 Days, 100 Nights"
,,Sharon Jones and the Dap-Kings,Give the People What they Want
,,Sharon Jones and the Dap-Kings,Naturally
,,Sharon Van Etten,Are We There
,,Sharon Van Etten,Tramp
,,Shearwater,Rook
,,Shearwater,Animal Joy
,,Shovels & Rope,O' Be Joyful
,,Shuggie Otis,Inspiration Information
,,Sia,Colour the Small One
,,Sigur Rós,Hvarf-Heim
,,Sigur Rós,Með suð í eyrum við spilum endalaust
,,Sigur Rós,Takk...
,,Sigur Rós,AGETIS BRYRUN
,,Silversun Pickups,Swoon
,,Silversun Pickups,Pikul
,,Silversun Pickups,Carnavas
,,Simian Mobile Disco,Attack Decay Sustain Release
,,Sin Fang,Flowers
,,Sleater-Kinney,Call the Doctor
,,Sleater-Kinney,No Cities To Love
,,Sleater-Kinney,Dig Me Out
,,Sleater-Kinney,The Woods
,,Sleigh Bells,Reign of Terror
,,Sleigh Bells,Treats
,,Slender Means,Neon & Ruin
,,Smashing Pumpkins,Siamese Dream
,,Smashing Pumpkins,Gish
,,Snow Patrol,Final Straw
,,Son Volt,Okemah and the Melody of Riot
,,Sonic Youth,Daydream Nation
,,Sonic Youth,Rather Ripped
,,Sonic Youth,The Eternal
,,Sonic Youth,Goo
,,Sonic Youth,Dirty
,,Sons and Daughters,This Gift
,,Sons and Daughters,The Repulsion Box
,,Soul Coughing,Ruby Vroom
,,Soulsavers,"It's Not How Far You Fall, It's The Way You Land"
,,Soundgarden,Badmotorfinger
,,Spank Rock,YoYoYoYoYo
,,Sparklehorse,Dreamt for Light Years in the Belly of a Mountain
,,Spiritualized,Ladies and Gentlemen We Are Floating in Space
,,Spoon,Transference
,,Spoon,Girls Can Tell
,,Spoon,Kill the Moonlight
,,Spoon,They Want My Soul
,,Spoon,Ga Ga Ga Ga Ga
,,Spoon,Gimme Fiction
,,St. Vincent,Strange Mercy
,,St. Vincent,Actor
,,Stars,In Our Bedroom After the War
,,Stars,Heart
,,Stars,Set Yourself on Fire
,,Stephen Malkmus,Face the Truth
,,Stereo MCs,Connected
,,Stereolab,Emperor Tomato Ketchup
,,Stevie Wonder,Innervisions
,,Strand of Oaks,Heal
,,Sufjan Stevens,Illinois
,,Sufjan Stevens,MICHIGAN
,,Sugar,File Under: Easy Listening
,,Sugar,Copper Blue
,,Sunny Day Real Estate,Diary
,,Surfer Blood,Astro Coast
,,Sylvan Esso,Sylvan Esso
,,T. Rex,Electric Warrior
,,TacocaT,NVM
,,Talking Heads,Talking Heads: 77
,,Talking Heads,Remain in Light
,,Talking Heads,Speaking in Tongues
,,Talking Heads,GREATEST HITS
,,Tamaryn,Cranekiss
,,Tamaryn,Tender New Signs
,,Tame Impala,Currents
,,Tame Impala,Lonerism
,,Tame Impala,Innerspeaker
,,Tapes 'n Tapes,The Loon
,,Ted Leo and the Pharmacists,The Brutalist Bricks
,,Ted Leo and the Pharmacists,Living With the Living
,,Ted Leo and the Pharmacists,Shake the Sheets
,,Teenage Fanclub,Man-Made
,,Teenage Fanclub,Bandwagonesque
,,Teenage Fanclub,Shadows
,,Telekinesis,Telekinesis!
,,Telekinesis,Dormarion
,,Television,Marquee Moon
,,Temples,Sun Structures
,,Thao,We Brave Bee Stings and All
,,Thao & The Get Down Stay Down,Know Better Learn Faster
,,The Afghan Whigs,Gentlemen
,,The Afghan Whigs,Do to the Beast
,,The Antlers,Burst Apart
,,The Arctic Monkeys,"Whatever People Say I Am, That's What I'm Not"
,,The Arctic Monkeys,Favourite Worst Nightmare
,,The Avalanches,Since I Left You
,,The Avett Brothers,I and Love and You
,,The Avett Brothers,Emotionalism
,,The B-52's,The B-52's
,,The Beach Boys,Pet Sounds
,,The Beatles,Abbey Road
,,The Beatles,Revolver
,,The Beatles,PAST MASTERS
,,The Beta Band,The Three E.P.'s
,,The Big Pink,A Brief History of Love
,,The Black Angels,Indigo Meadow
,,The Black Angels,Directions to See a Ghost
,,The Black Angels,Phosphene Dream
,,The Black Angels,Passover
,,The Black Keys,Turn Blue
,,The Black Keys,Thickfreakness
,,The Black Keys,Rubber Factory
,,The Black Keys,El Camino
,,The Black Keys,Attack & Release
,,The Black Keys,Brothers
,,The Blakes,The Blakes
,,The Books,Dark Was the Night
,,The Breeders,Pod
,,The Breeders,Last Splash
,,The Buzzcocks,Singles Going Steady
,,The Cave Singers,Naomi
,,The Cave Singers,No Witch
,,The Cave Singers,Invitation Songs
,,The Cave Singers,Welcome Joy
,,The Chemical Brothers,Exit Planet Dust
,,The Chemical Brothers,Dig Your Own Hole
,,The Chemical Brothers,Singles 93-03
,,The Chemical Brothers,Born in the Echoes
,,The Chemical Brothers,Push the Button
,,The Chemical Brothers,Further
,,The Church,Starfish
,,The Clash,Sandinista!
,,The Clash,Combat Rock
,,The Clash,The Clash
,,The Clash,The Singles
,,The Clash,London Calling
,,The Clean,anthology
,,The Congos,Heart of the Congos
,,The Cops,Free Electricity
,,The Coup,Pick a Bigger Weapon
,,The Cure,Japanese Whispers
,,The Cure,Seventeen Seconds
,,The Cure,Boys Don't Cry
,,The Cure,Three Imaginary Boys
,,The Cure,Wish
,,The Cure,The Head on the Door
,,The Cure,Kiss Me Kiss Me Kiss Me
,,The Cure,Disintegration
,,The Dandy Warhols,Welcome to the Monkey House
,,The Dandy Warhols,Thirteen Tales From Urban Bohemia
,,The Dandy Warhols,…The Dandy Warhols Come Down
,,The Dead Weather,Horehound
,,The Decemberists,The King Is Dead
,,The Decemberists,Picaresque
,,The Decemberists,The Crane Wife
,,The Detroit Cobras,Baby
,,The Dismemberment Plan,Emergency & I
,,The Drums,Portamento
,,The Drums,The Drums
,,The Fall,Fall Heads Roll
,,The Flaming Lips,Transmissions From the Satellite Heart
,,The Flaming Lips,The Soft Bulletin
,,The Flaming Lips,Yoshimi Battles the Pink Robots
,,The Fucking Eagles,Midnight Sour
,,The Futureheads,The Futureheads
,,The Go,Howl on the Haunted Beat You Ride
,,The Go! Team,Proof of Youth
,,The Go! Team,"Thunder, Lightning, Strike"
,,"The Good, the Bad & the Queen","The Good, the Bad & the Queen"
,,The Head and The Heart,Let's Be Still
,,The Head and The Heart,The Head and the Heart
,,The Heavy,The House That Dirt Built
,,The Helio Sequence,The Helio Sequence
,,The Helio Sequence,Love and Distance
,,The Helio Sequence,Negotiations
,,The Helio Sequence,Keep Your Eyes Ahead
,,The Hidden Cameras,The Smell of Our Own
,,The Hives,The Black and White Album
,,The Hold Steady,Separation Sunday
,,The Hold Steady,Boys and Girls in America
,,The Hold Steady,Stay Positive
,,The Horrors,Luminous
,,The Horrors,Skying
,,The Horrors,Primary Colours
,,The Jam,Compact Snap!
,,The Jayhawks,Hollywood Town Hall
,,The Jesus and Mary Chain,Psychocandy
,,The Jesus and Mary Chain,21 Singles
,,The Jesus and Mary Chain,Darklands
,,The Jimi Hendrix Experience,Axis: Bold as Love
,,The Jimi Hendrix Experience,Electric Ladyland
,,The Jimi Hendrix Experience,GREATEST HITS
,,The Joy Formidable,Wolf's Law
,,The Joy Formidable,The Big Roar
,,The Juan MacLean,The Future Will Come
,,The Kills,No Wow
,,The Kills,Blood Pressures
,,The Kills,Midnight Boom
,,The Kinks,The Ultimate Collection
,,The Knife,Radio EP
,,The Knife,Silent Shout
,,The La's,The La's
,,The Lemonheads,It's a Shame About Ray
,,The Little Ones,Sing Song EP
,,The Long Winters,When I Pretend to Fall
,,The Long Winters,Putting the Days to Bed
,,The Low Frequency in Stereo,The Last Temptation of...
,,The Lucksmiths,Warmer Corners
,,The Lumineers,The Lumineers
,,The Magic Numbers,The Magic Numbers
,,The Magnetic Fields,Love at the Bottom of the Sea
,,The Magnetic Fields,"69 Love Songs, Volume 1"
,,The Magnetic Fields,Distortion
,,The Maldives,Listen to the Thunder
,,The Modern Lovers,The Modern Lovers
,,The Moondoggies,Tidelands
,,The Moondoggies,Don't Be a Stranger
,,The Morning After Girls,Prelude: EP's 1 and 2
,,The Morning Benders,Big Echo
,,The Mountain Goats,The Sunset Tree
,,The National,High Violet
,,The National,Trouble Will Find Me
,,The National,Alligator
,,The National,Boxer
,,The New Pornographers,Together
,,The New Pornographers,Challengers
,,The New Pornographers,Mass Romantic
,,The New Pornographers,Brill Bruisers
,,The New Pornographers,Twin Cinema
,,The Notwist,Close To The Glass
,,The Notwist,"The Devil, You + Me"
,,The Pains of Being Pure at Heart,Belong
,,The Pains of Being Pure at Heart,The Pains of Being Pure at Heart
,,The Ponys,Celebration Castle
,,The Ponys,Turn the Lights Out
,,The Posies,Frosting on the Beater
,,The Postal Service,Give Up
,,The Psychedelic Furs,Talk Talk Talk
,,The Raconteurs,Consolers of the Lonely
,,The Raconteurs,Broken Boy Soldiers
,,The Rapture,Echoes
,,The Raveonettes,In and Out of Control
,,The Raveonettes,Pretty in Black
,,The Raveonettes,Lust Lust Lust
,,The Replacements,Don't You Know Who I Think I Was? The Best of The Replacements
,,The Replacements,Hootenanny
,,The Replacements,All for Nothing/Nothing for All
,,The Replacements,Pleased to Meet Me
,,The Replacements,Tim
,,The Replacements,Let It Be
,,The Rogers Sisters,The Invisible Deck
,,The Roots,Undun
,,The Roots,Phrenology
,,The Roots,Rising Down
,,The Roots,How I Got Over
,,The Roots,Game Theory
,,The Rosebuds,Birds Make Good Neighbors
,,The Ruby Doe,Always With Wings
,,The Saturday Knights,Mingle
,,The Shins,Port of Morrow
,,The Shins,Chutes Too Narrow
,,The Shins,"Oh, Inverted World"
,,The Shins,Wincing the Night Away
,,The Smiths,The Smiths
,,The Smiths,Meat Is Murder
,,The Smiths,"Strangeways, Here We Come"
,,The Smiths,The Queen Is Dead
,,The Smiths,Louder Than Bombs
,,The Soft Pack,The Soft Pack
,,The Sonics,Here Are The Sonics
,,The Stills,Logic Will Break Your Heart
,,The Stone Roses,The Complete Stone Roses
,,The Stone Roses,The Very Best of the Stone Roses
,,The Stone Roses,The Stone Roses
,,The Stooges,The Stooges
,,The Strokes,Is This It
,,The Subways,Young for Eternity
,,The Sugarcubes,Life's Too Good
,,The Tallest Man on Earth,There's No Leaving Now
,,The Temper Trap,Conditions
,,The The,Dusk
,,The The,Soul Mining
,,The Thermals,Personal Life
,,The Thermals,Now We Can See
,,The Thermals,"The Body, the Blood, the Machine"
,,The Tough Alliance,A New Chance
,,The Transmissionary Six,Radar
,,The Twilight Sad,Fourteen Autumns & Fifteen Winters
,,The Undertones,The Very Best of The Undertones
,,The Undertones,The Undertones
,,The Velvet Underground,The Velvet Underground & Nico
,,The Velvet Underground,Loaded
,,The Velvet Underground,The Velvet Underground
,,The Verve,Urban Hymns
,,The Walkmen,Lisbon
,,The Walkmen,You & Me
,,The Walkmen,Bows + Arrows
,,The Walkmen,Heaven
,,The War on Drugs,Slave Ambient
,,The War on Drugs,Lost in the Dream
,,The Waterboys,This Is the Sea
,,The Weddning Present,Take Fountain
,,The White Stripes,White Blood Cells
,,The White Stripes,Elephant
,,The White Stripes,Get Behind Me Satan
,,The White Stripes,Icky Thump
,,The Wrens,The Meadowlands
,,The xx,Coexist
,,The xx,The xx
,,The xx,xx
,,The Young Evils,Enchanted Chapel
,,Thee Emergency,Can You Dig It?
,,Thee Oh Sees,Drop
,,Thee Oh Sees,Carrion Crawler/The Dream
,,THEESatisfaction,EarthEE
,,THEESatisfaction,Transitions
,,THEESatisfaction,Live at KEXP Volume Eight
,,THEESatisfaction,awE naturalE
,,These New Puritans,Beat Pyramid
,,Thievery Corporation,The Cosmic Game
,,Thom Yorke,The Eraser
,,Tim Armstrong,A Poet's Life
,,Tokyo Police Club,A Lesson in Crime
,,Tom Vek,We Have Sound
,,Tom Waits,Real Gone
,,Toro Y Moi,Anything In Return
,,Trentemøller,The Last Resort
,,Tricky,False Idols
,,Tricky,Maxinquaye
,,tUnE-yArDs,Nikki Nack
,,tUnE-yArDs,W H O K I L L
,,TV on the Radio,"Desperate Youth, Blood Thirsty Babes"
,,TV on the Radio,Nine Types of Light
,,TV on the Radio,Seeds
,,TV on the Radio,Dear Science
,,TV on the Radio,Return to Cookie Mountain
,,Ty Segall,Manipulator
,,U2,The Unforgettable Fire
,,U2,The Joshua Tree
,,Uncle Tupelo,No Depression
,,Uncle Tupelo,Anodyne
,,Unknown Mortal Orchestra,Multi-Love
,,Vampire Weekend,Modern Vampires of the City
,,Vampire Weekend,Contra
,,Vampire Weekend,Vampire Weekend
,,Violent Femmes,Violent Femmes
,,Visqueen,King Me
,,Visqueen,Message to Garcia
,,Voom Blooms,Nine Ships EP
,,Vox Mod,SYN-ÆSTHETIC
,,Warpaint,Warpaint
,,Warpaint,The Fool
,,Washed Out,Paracosm
,,Washed Out,Within and Without
,,Wavves,King of the Beach
,,Wax Tailor,Tales of the Forgotten Melodies
,,We Are Augustines,Rise Ye Sunken Ships
,,We Were Promised Jetpacks,These Four Walls
,,Weekend,Sports
,,Weezer,Weezer
,,White Whale,WWI
,,Wilco,A.M.
,,Wilco,Star Wars
,,Wilco,A Ghost Is Born
,,Wilco,The Whole Love
,,Wilco,Wilco (The Album)
,,Wilco,Sky Blue Sky
,,Wilco,Yankee Hotel Foxtrot
,,Wild Flag,WILD FLAG
,,Wild Nothing,Nocturne
,,Wire,Pink Flag
,,Wolf Alice,My Love is Cool
,,Wolf Parade,Expo 86
,,Wolf Parade,At Mount Zoomer
,,Wolf Parade,Apologies to the Queen Mary
,,Wooden Shjips,West
,,Woods,With Light and With Love
,,WU LYF,Go Tell Fire to the Mountain
,,Wussy,Attica!
,,Wye Oak,Civilian
,,X,Wild Gift
,,X,More Fun in the New World
,,X,Under the Big Black Sun
,,X,Los Angeles
,,XTC,English Settlement
,,XTC,Skylarking
,,Yeah Yeah Yeahs,Mosquito
,,Yeah Yeah Yeahs,Show Your Bones
,,Yeah Yeah Yeahs,Fever to Tell
,,Yeah Yeah Yeahs,It's Blitz!
,,Yeasayer,Fragrant World
,,Yeasayer,Odd Blood
,,Yeasayer,All Hour Cymbals
,,Yo La Tengo,And Then Nothing Turned Itself Inside‐Out
,,Yo La Tengo,Fade
,,Yo La Tengo,Popular Songs
,,Yo La Tengo,I Am Not Afraid of You and I Will Beat Your Ass
,,Yo La Tengo,I Can Hear the Heart Beating as One
,,Youth Group,Skeleton Jar
,,Youth Lagoon,The Year of Hibernation
,,Yppah,They Know What Ghost Know
,,Yppah,Eighty One
,,Yuck,Yuck
,,Z-Trip,Shifting Gears
,,Zola Jesus,Conatus